No. of Clusters =, 7
i-th document, Cluster ID (1 - 7)
1,1
2,2
3,3
4,4
5,5
6,6
7,7
8,6
9,6
10,6
11,6
12,6
13,6
14,6
15,6
16,6
17,6
18,6
19,6
20,2
21,6
22,6
23,6
24,6
25,6
26,6
27,6
28,6
29,6
30,6
31,6
32,6
33,6
34,6
35,6
36,6
37,6
38,6
39,6
40,6
41,6
42,6
43,6
44,6
45,6
46,6
47,6
48,6
49,1
50,6
51,6
52,6
53,6
54,6
55,6
56,6
57,4
58,6
59,6
60,6
61,6
62,6
63,6
64,6
65,6
66,6
67,6
68,6
69,2
70,6
71,6
72,6
73,6
74,6
75,6
76,6
77,6
78,6
79,6
80,6
81,6
82,6
83,6
84,6
85,6
86,6
87,6
88,6
89,6
90,6
91,6
92,6
93,6
94,6
95,6
96,6
97,6
98,6
99,6
100,6
101,6
102,6
103,6
104,6
105,6
106,6
107,6
108,6
109,6
110,6
111,6
112,6
113,3
114,6
115,6
116,6
117,6
118,6
119,6
120,3
121,6
122,6
123,6
124,6
125,6
126,6
127,6
128,6
129,6
130,6
131,6
132,6
133,6
134,6
135,6
136,6
137,6
138,6
139,6
140,6
141,6
142,6
143,6
144,6
145,6
146,2
147,6
148,6
149,6
150,6
151,6
152,6
153,6
154,4
155,6
156,6
157,6
158,6
159,6
160,6
161,6
162,6
163,6
164,6
165,6
166,6
167,6
168,6
169,3
170,6
171,6
172,6
173,6
174,6
175,6
176,6
177,6
178,6
179,6
180,6
181,3
182,6
183,6
184,6
185,6
186,6
187,6
188,6
189,6
190,6
191,6
192,6
193,6
194,6
195,6
196,6
197,6
198,6
199,6
200,6
201,6
202,2
203,6
204,6
205,6
206,6
207,2
208,6
209,6
210,6
211,6
212,6
213,6
214,6
215,6
216,6
217,6
218,6
219,6
220,6
221,6
222,6
223,6
224,6
225,6
226,6
227,6
228,6
229,6
230,6
231,6
232,6
233,6
234,6
235,6
236,6
237,6
238,6
239,6
240,6
241,6
242,6
243,6
244,6
245,6
246,6
247,6
248,6
249,6
250,6
251,6
252,6
253,6
254,6
255,6
256,6
257,6
258,6
259,6
260,6
261,6
262,6
263,6
264,6
265,6
266,6
267,6
268,6
269,6
270,6
271,6
272,6
273,6
274,6
275,6
276,6
277,6
278,6
279,6
280,6
281,6
282,6
283,6
284,6
285,2
286,6
287,6
288,6
289,6
290,6
291,6
292,6
293,7
294,3
295,6
296,6
297,2
298,6
299,2
300,6
301,6
302,6
303,6
304,6
305,6
306,6
307,6
308,6
309,6
310,6
311,6
312,6
313,6
314,6
315,6
316,6
317,6
318,6
319,6
320,6
321,6
322,6
323,6
324,6
325,6
326,6
327,6
328,6
329,6
330,6
331,6
332,6
333,6
334,6
335,6
336,6
337,6
338,5
339,6
340,5
341,6
342,6
343,6
344,6
345,6
346,3
347,6
348,6
349,6
350,6
351,6
352,6
353,6
354,6
355,6
356,6
357,6
358,6
359,6
360,6
361,6
362,6
363,6
364,6
365,6
366,6
367,6
368,6
369,6
370,6
371,2
372,3
373,6
374,6
375,6
376,6
377,6
378,6
379,6
380,6
381,6
382,6
383,6
384,6
385,6
386,6
387,6
388,6
389,6
390,6
391,6
392,3
393,6
394,6
395,3
396,6
397,6
398,2
399,6
400,6
401,6
402,6
403,6
404,6
405,6
406,6
407,6
408,6
409,6
410,6
411,6
412,6
413,6
414,6
415,6
416,6
417,6
418,6
419,6
420,6
421,6
422,6
423,6
424,6
425,6
426,6
427,6
428,6
429,6
430,6
431,7
432,6
433,6
434,6
435,6
436,6
437,6
438,6
439,6
440,2
441,4
442,6
443,6
444,6
445,6
446,6
447,6
448,6
449,6
450,6
451,6
452,6
453,6
454,6
455,6
456,6
457,6
458,5
459,5
460,5
461,5
462,5
463,5
464,5
465,5
466,5
467,5
468,5
469,5
470,5
471,5
472,4
473,5
474,5
475,5
476,5
477,5
478,5
479,5
480,5
481,5
482,5
483,5
484,5
485,5
486,5
487,5
488,5
489,5
490,4
491,5
492,5
493,5
494,5
495,5
496,5
497,5
498,5
499,5
500,5
501,5
502,5
503,5
504,5
505,5
506,5
507,5
508,5
509,5
510,5
511,5
512,5
513,5
514,5
515,5
516,5
517,5
518,5
519,5
520,5
521,5
522,5
523,5
524,5
525,5
526,5
527,5
528,5
529,5
530,5
531,5
532,5
533,5
534,5
535,5
536,5
537,5
538,3
539,5
540,5
541,5
542,5
543,5
544,5
545,5
546,5
547,5
548,5
549,5
550,5
551,5
552,5
553,5
554,5
555,5
556,5
557,5
558,5
559,5
560,5
561,5
562,5
563,5
564,5
565,5
566,5
567,5
568,5
569,5
570,5
571,5
572,5
573,5
574,5
575,5
576,5
577,5
578,5
579,5
580,5
581,5
582,5
583,5
584,5
585,5
586,5
587,5
588,5
589,5
590,5
591,5
592,5
593,5
594,5
595,5
596,5
597,5
598,5
599,5
600,5
601,5
602,5
603,5
604,5
605,5
606,5
607,5
608,5
609,5
610,5
611,5
612,5
613,5
614,5
615,5
616,5
617,5
618,5
619,5
620,5
621,5
622,5
623,5
624,5
625,5
626,5
627,5
628,5
629,5
630,5
631,5
632,5
633,5
634,5
635,5
636,5
637,5
638,5
639,5
640,5
641,5
642,5
643,5
644,5
645,5
646,5
647,5
648,5
649,5
650,5
651,5
652,5
653,5
654,5
655,5
656,5
657,5
658,5
659,5
660,5
661,5
662,5
663,5
664,5
665,5
666,5
667,5
668,4
669,5
670,5
671,5
672,5
673,5
674,5
675,5
676,5
677,5
678,5
679,5
680,5
681,5
682,5
683,5
684,5
685,5
686,5
687,5
688,5
689,5
690,5
691,5
692,5
693,5
694,5
695,5
696,5
697,5
698,5
699,5
700,5
701,5
702,5
703,5
704,5
705,5
706,5
707,5
708,5
709,5
710,5
711,5
712,5
713,5
714,5
715,5
716,5
717,5
718,5
719,5
720,5
721,5
722,5
723,5
724,5
725,5
726,5
727,5
728,5
729,5
730,5
731,5
732,5
733,5
734,5
735,5
736,5
737,5
738,5
739,5
740,5
741,5
742,5
743,5
744,5
745,5
746,5
747,5
748,5
749,5
750,5
751,5
752,5
753,5
754,5
755,5
756,5
757,5
758,5
759,5
760,5
761,5
762,5
763,5
764,5
765,5
766,5
767,5
768,5
769,5
770,5
771,5
772,5
773,5
774,5
775,5
776,5
777,5
778,5
779,5
780,5
781,5
782,5
783,5
784,5
785,5
786,5
787,5
788,5
789,5
790,5
791,5
792,5
793,4
794,5
795,5
796,5
797,5
798,5
799,5
800,5
801,5
802,5
803,5
804,5
805,5
806,5
807,5
808,5
809,5
810,5
811,5
812,5
813,5
814,5
815,5
816,5
817,5
818,5
819,5
820,5
821,5
822,5
823,5
824,5
825,5
826,5
827,5
828,5
829,5
830,5
831,5
832,5
833,5
834,5
835,5
836,5
837,5
838,5
839,5
840,5
841,5
842,5
843,5
844,5
845,5
846,5
847,5
848,5
849,5
850,5
851,5
852,5
853,5
854,5
855,5
856,5
857,5
858,5
859,5
860,5
861,5
862,5
863,5
864,5
865,5
866,5
867,5
868,5
869,5
870,5
871,5
872,5
873,5
874,5
875,5
876,5
877,5
878,5
879,5
880,5
881,5
882,5
883,5
884,5
885,5
886,5
887,5
888,5
889,5
890,5
891,5
892,5
893,5
894,5
895,5
896,5
897,5
898,5
899,5
900,5
901,5
902,5
903,5
904,5
905,5
906,5
907,5
908,5
909,5
910,5
911,5
912,5
913,5
914,5
915,5
916,5
917,5
918,5
919,5
920,5
921,5
922,5
923,5
924,5
925,5
926,5
927,5
928,5
929,5
930,5
931,5
932,5
933,5
934,5
935,5
936,5
937,5
938,5
939,5
940,5
941,5
942,5
943,5
944,5
945,5
946,5
947,5
948,5
949,5
950,5
951,5
952,5
953,5
954,5
955,5
956,5
957,5
958,5
959,5
960,5
961,5
962,5
963,5
964,5
965,5
966,5
967,5
968,5
969,5
970,5
971,5
972,5
973,5
974,5
975,5
976,5
977,5
978,5
979,5
980,5
981,5
982,5
983,5
984,5
985,5
986,5
987,5
988,5
989,5
990,5
991,5
992,5
993,5
994,5
995,5
996,5
997,5
998,5
999,5
1000,5
1001,5
1002,5
1003,5
1004,5
1005,5
1006,5
1007,5
1008,5
1009,5
1010,5
1011,5
1012,5
1013,5
1014,5
1015,5
1016,5
1017,5
1018,5
1019,5
1020,5
1021,5
1022,5
1023,5
1024,5
1025,5
1026,5
1027,5
1028,5
1029,5
1030,5
1031,4
1032,5
1033,5
1034,5
1035,5
1036,5
1037,4
1038,4
1039,5
1040,5
1041,5
1042,4
1043,5
1044,5
1045,5
1046,5
1047,5
1048,5
1049,5
1050,5
1051,5
1052,5
1053,5
1054,5
1055,5
1056,5
1057,5
1058,5
1059,5
1060,5
1061,5
1062,5
1063,5
1064,5
1065,5
1066,5
1067,5
1068,5
1069,5
1070,5
1071,5
1072,5
1073,5
1074,5
1075,5
1076,5
1077,5
1078,5
1079,5
1080,5
1081,4
1082,5
1083,5
1084,5
1085,5
1086,5
1087,5
1088,5
1089,5
1090,5
1091,5
1092,5
1093,5
1094,5
1095,5
1096,5
1097,5
1098,5
1099,5
1100,5
1101,5
1102,5
1103,5
1104,5
1105,5
1106,5
1107,5
1108,5
1109,5
1110,5
1111,5
1112,5
1113,5
1114,5
1115,5
1116,5
1117,5
1118,5
1119,4
1120,5
1121,5
1122,5
1123,4
1124,4
1125,5
1126,5
1127,5
1128,5
1129,5
1130,5
1131,5
1132,5
1133,5
1134,5
1135,5
1136,5
1137,5
1138,5
1139,5
1140,5
1141,5
1142,5
1143,5
1144,5
1145,5
1146,5
1147,5
1148,5
1149,5
1150,5
1151,5
1152,5
1153,5
1154,5
1155,5
1156,5
1157,5
1158,4
1159,5
1160,4
1161,5
1162,5
1163,5
1164,5
1165,5
1166,5
1167,5
1168,5
1169,5
1170,5
1171,5
1172,5
1173,5
1174,5
1175,5
1176,5
1177,5
1178,5
1179,5
1180,5
1181,5
1182,5
1183,5
1184,5
1185,5
1186,5
1187,5
1188,5
1189,5
1190,5
1191,5
1192,5
1193,5
1194,5
1195,5
1196,5
1197,5
1198,5
1199,5
1200,5
1201,5
1202,5
1203,5
1204,5
1205,5
1206,5
1207,5
1208,5
1209,5
1210,5
1211,5
1212,5
1213,5
1214,5
1215,5
1216,5
1217,5
1218,5
1219,5
1220,5
1221,5
1222,5
1223,5
1224,5
1225,5
1226,5
1227,5
1228,5
1229,5
1230,5
1231,5
1232,5
1233,5
1234,5
1235,5
1236,5
1237,5
1238,5
1239,5
1240,5
1241,5
1242,5
1243,5
1244,5
1245,5
1246,5
1247,5
1248,5
1249,5
1250,5
1251,5
1252,5
1253,5
1254,5
1255,5
1256,5
1257,5
1258,5
1259,5
1260,5
1261,5
1262,5
1263,5
1264,5
1265,5
1266,5
1267,5
1268,5
1269,5
1270,5
1271,5
1272,5
1273,5
1274,5
1275,5
1276,5
1277,4
1278,5
1279,4
1280,4
1281,5
1282,5
1283,5
1284,5
1285,5
1286,5
1287,5
1288,5
1289,5
1290,5
1291,5
1292,5
1293,4
1294,5
1295,5
1296,5
1297,5
1298,5
1299,5
1300,5
1301,5
1302,5
1303,5
1304,5
1305,5
1306,5
1307,5
1308,5
1309,5
1310,5
1311,5
1312,5
1313,5
1314,5
1315,5
1316,5
1317,5
1318,5
1319,5
1320,5
1321,5
1322,5
1323,5
1324,5
1325,5
1326,5
1327,5
1328,5
1329,5
1330,5
1331,5
1332,5
1333,5
1334,5
1335,5
1336,5
1337,5
1338,5
1339,5
1340,5
1341,5
1342,5
1343,5
1344,5
1345,5
1346,5
1347,5
1348,5
1349,5
1350,5
1351,5
1352,5
1353,5
1354,5
1355,5
1356,5
1357,5
1358,5
1359,5
1360,5
1361,5
1362,5
1363,5
1364,5
1365,5
1366,5
1367,5
1368,5
1369,5
1370,5
1371,5
1372,5
1373,5
1374,5
1375,5
1376,5
1377,5
1378,5
1379,5
1380,5
1381,5
1382,5
1383,5
1384,5
1385,5
1386,5
1387,5
1388,5
1389,5
1390,5
1391,5
1392,5
1393,5
1394,5
1395,5
1396,5
1397,5
1398,5
1399,5
1400,5
1401,5
1402,5
1403,5
1404,5
1405,5
1406,5
1407,5
1408,5
1409,5
1410,5
1411,5
1412,5
1413,5
1414,5
1415,5
1416,5
1417,5
1418,5
1419,5
1420,5
1421,5
1422,5
1423,5
1424,5
1425,5
1426,5
1427,5
1428,5
1429,5
1430,5
1431,5
1432,5
1433,5
1434,5
1435,5
1436,5
1437,5
1438,5
1439,5
1440,5
1441,5
1442,5
1443,5
1444,5
1445,5
1446,5
1447,5
1448,5
1449,5
1450,5
1451,5
1452,5
1453,5
1454,5
1455,5
1456,5
1457,5
1458,5
1459,5
1460,5
1461,5
1462,5
1463,5
1464,5
1465,5
1466,5
1467,5
1468,5
1469,5
1470,5
1471,5
1472,5
1473,5
1474,5
1475,5
1476,5
1477,5
1478,5
1479,5
1480,5
1481,5
1482,5
1483,5
1484,5
1485,5
1486,5
1487,5
1488,5
1489,5
1490,5
1491,5
1492,5
1493,5
1494,5
1495,5
1496,5
1497,5
1498,5
1499,5
1500,5
1501,5
1502,5
1503,5
1504,5
1505,5
1506,5
1507,5
1508,5
1509,5
1510,5
1511,5
1512,5
1513,5
1514,5
1515,5
1516,7
1517,4
1518,3
1519,3
1520,6
1521,7
1522,7
1523,3
1524,7
1525,7
1526,7
1527,7
1528,7
1529,7
1530,7
1531,7
1532,6
1533,7
1534,7
1535,7
1536,3
1537,7
1538,7
1539,7
1540,7
1541,3
1542,7
1543,7
1544,7
1545,7
1546,7
1547,7
1548,7
1549,7
1550,7
1551,7
1552,7
1553,7
1554,7
1555,7
1556,7
1557,7
1558,7
1559,7
1560,7
1561,7
1562,7
1563,3
1564,7
1565,3
1566,7
1567,7
1568,7
1569,7
1570,7
1571,7
1572,7
1573,7
1574,7
1575,3
1576,7
1577,4
1578,7
1579,7
1580,3
1581,7
1582,3
1583,7
1584,7
1585,7
1586,7
1587,7
1588,7
1589,7
1590,7
1591,7
1592,7
1593,7
1594,3
1595,3
1596,3
1597,7
1598,7
1599,3
1600,7
1601,3
1602,3
1603,6
1604,7
1605,3
1606,3
1607,7
1608,7
1609,7
1610,7
1611,7
1612,7
1613,6
1614,7
1615,7
1616,6
1617,7
1618,7
1619,7
1620,7
1621,7
1622,7
1623,3
1624,7
1625,7
1626,6
1627,3
1628,3
1629,3
1630,3
1631,7
1632,7
1633,7
1634,7
1635,7
1636,3
1637,3
1638,7
1639,3
1640,7
1641,7
1642,7
1643,3
1644,3
1645,3
1646,7
1647,7
1648,7
1649,6
1650,3
1651,7
1652,7
1653,7
1654,7
1655,7
1656,7
1657,3
1658,3
1659,3
1660,7
1661,7
1662,7
1663,3
1664,3
1665,7
1666,7
1667,7
1668,7
1669,7
1670,7
1671,3
1672,3
1673,7
1674,7
1675,7
1676,7
1677,7
1678,3
1679,3
1680,3
1681,3
1682,3
1683,7
1684,7
1685,3
1686,3
1687,6
1688,6
1689,7
1690,7
1691,7
1692,7
1693,7
1694,3
1695,7
1696,7
1697,7
1698,7
1699,3
1700,3
1701,7
1702,7
1703,7
1704,3
1705,3
1706,5
1707,7
1708,7
1709,7
1710,6
1711,3
1712,7
1713,7
1714,7
1715,7
1716,7
1717,3
1718,7
1719,7
1720,7
1721,3
1722,3
1723,3
1724,7
1725,7
1726,7
1727,3
1728,7
1729,7
1730,7
1731,7
1732,3
1733,7
1734,7
1735,7
1736,3
1737,7
1738,7
1739,7
1740,7
1741,7
1742,7
1743,7
1744,3
1745,6
1746,3
1747,3
1748,3
1749,2
1750,3
1751,3
1752,3
1753,3
1754,3
1755,6
1756,3
1757,3
1758,3
1759,3
1760,3
1761,3
1762,3
1763,6
1764,3
1765,3
1766,3
1767,3
1768,2
1769,3
1770,3
1771,3
1772,3
1773,3
1774,3
1775,6
1776,3
1777,5
1778,3
1779,3
1780,3
1781,3
1782,3
1783,3
1784,3
1785,3
1786,3
1787,3
1788,3
1789,3
1790,3
1791,3
1792,3
1793,3
1794,3
1795,3
1796,3
1797,3
1798,3
1799,3
1800,3
1801,3
1802,3
1803,3
1804,3
1805,3
1806,3
1807,3
1808,3
1809,3
1810,3
1811,3
1812,3
1813,3
1814,3
1815,3
1816,3
1817,3
1818,3
1819,3
1820,3
1821,3
1822,3
1823,3
1824,3
1825,3
1826,3
1827,3
1828,3
1829,3
1830,3
1831,3
1832,3
1833,7
1834,3
1835,3
1836,3
1837,3
1838,3
1839,3
1840,3
1841,3
1842,3
1843,3
1844,3
1845,3
1846,3
1847,3
1848,3
1849,3
1850,3
1851,3
1852,3
1853,3
1854,3
1855,3
1856,3
1857,3
1858,3
1859,3
1860,3
1861,3
1862,3
1863,3
1864,3
1865,3
1866,3
1867,3
1868,3
1869,3
1870,3
1871,5
1872,3
1873,3
1874,3
1875,3
1876,3
1877,3
1878,3
1879,3
1880,3
1881,3
1882,3
1883,3
1884,3
1885,6
1886,3
1887,3
1888,3
1889,3
1890,3
1891,3
1892,3
1893,3
1894,3
1895,3
1896,3
1897,3
1898,3
1899,3
1900,5
1901,3
1902,3
1903,3
1904,3
1905,3
1906,3
1907,3
1908,3
1909,3
1910,3
1911,3
1912,3
1913,3
1914,3
1915,3
1916,3
1917,3
1918,3
1919,3
1920,3
1921,3
1922,3
1923,3
1924,3
1925,3
1926,3
1927,3
1928,3
1929,3
1930,3
1931,3
1932,3
1933,4
1934,3
1935,3
1936,3
1937,3
1938,3
1939,3
1940,3
1941,3
1942,3
1943,3
1944,3
1945,3
1946,2
1947,2
1948,2
1949,2
1950,6
1951,6
1952,2
1953,2
1954,2
1955,6
1956,2
1957,2
1958,6
1959,6
1960,2
1961,4
1962,6
1963,2
1964,2
1965,2
1966,2
1967,2
1968,2
1969,2
1970,6
1971,2
1972,2
1973,6
1974,2
1975,6
1976,2
1977,6
1978,2
1979,6
1980,2
1981,2
1982,2
1983,2
1984,2
1985,6
1986,2
1987,2
1988,6
1989,2
1990,2
1991,6
1992,6
1993,2
1994,2
1995,2
1996,2
1997,6
1998,6
1999,2
2000,2
2001,2
2002,1
2003,2
2004,2
2005,2
2006,2
2007,2
2008,2
2009,6
2010,2
2011,2
2012,2
2013,2
2014,2
2015,2
2016,2
2017,2
2018,2
2019,2
2020,2
2021,2
2022,2
2023,6
2024,2
2025,2
2026,2
2027,2
2028,2
2029,2
2030,2
2031,2
2032,2
2033,2
2034,2
2035,2
2036,2
2037,2
2038,2
2039,2
2040,2
2041,2
2042,2
2043,2
2044,2
2045,2
2046,2
2047,2
2048,2
2049,2
2050,2
2051,2
2052,2
2053,2
2054,2
2055,2
2056,2
2057,2
2058,2
2059,2
2060,2
2061,6
2062,2
2063,2
2064,2
2065,2
2066,2
2067,2
2068,2
2069,2
2070,2
2071,2
2072,2
2073,2
2074,2
2075,2
2076,2
2077,2
2078,2
2079,2
2080,2
2081,2
2082,2
2083,2
2084,2
2085,2
2086,2
2087,2
2088,2
2089,2
2090,2
2091,2
2092,2
2093,2
2094,2
2095,2
2096,6
2097,2
2098,2
2099,6
2100,2
2101,6
2102,4
2103,2
2104,2
2105,6
2106,6
2107,4
2108,2
2109,2
2110,4
2111,6
2112,2
2113,2
2114,2
2115,2
2116,2
2117,2
2118,6
2119,6
2120,2
2121,2
2122,2
2123,2
2124,2
2125,6
2126,6
2127,2
2128,1
2129,2
2130,6
2131,2
2132,6
2133,2
2134,2
2135,2
2136,6
2137,2
2138,2
2139,2
2140,2
2141,6
2142,2
2143,2
2144,2
2145,6
2146,2
2147,6
2148,2
2149,1
2150,1
2151,2
2152,2
2153,6
2154,2
2155,2
2156,2
2157,2
2158,2
2159,6
2160,2
2161,2
2162,6
2163,6
2164,1
2165,6
2166,2
2167,2
2168,2
2169,2
2170,2
2171,2
2172,2
2173,2
2174,2
2175,2
2176,2
2177,2
2178,6
2179,6
2180,2
2181,4
2182,2
2183,2
2184,2
2185,2
2186,2
2187,2
2188,1
2189,5
2190,2
2191,2
2192,2
2193,2
2194,6
2195,2
2196,2
2197,2
2198,2
2199,6
2200,2
2201,2
2202,2
2203,2
2204,4
2205,2
2206,2
2207,2
2208,2
2209,2
2210,5
2211,2
2212,2
2213,2
2214,2
2215,2
2216,2
2217,2
2218,2
2219,2
2220,2
2221,2
2222,2
2223,2
2224,2
2225,2
2226,2
2227,2
2228,2
2229,4
2230,2
2231,2
2232,4
2233,2
2234,2
2235,2
2236,2
2237,2
2238,2
2239,2
2240,2
2241,2
2242,2
2243,2
2244,2
2245,2
2246,2
2247,2
2248,2
2249,6
2250,5
2251,2
2252,2
2253,2
2254,2
2255,2
2256,2
2257,2
2258,2
2259,2
2260,2
2261,6
2262,2
2263,2
2264,2
2265,2
2266,2
2267,2
2268,6
2269,2
2270,2
2271,2
2272,4
2273,6
2274,2
2275,2
2276,2
2277,2
2278,2
2279,1
2280,6
2281,2
2282,2
2283,1
2284,2
2285,2
2286,2
2287,2
2288,2
2289,2
2290,2
2291,2
2292,2
2293,2
2294,6
2295,6
2296,6
2297,6
2298,2
2299,2
2300,6
2301,2
2302,2
2303,2
2304,2
2305,2
2306,2
2307,2
2308,2
2309,2
2310,2
2311,2
2312,2
2313,2
2314,2
2315,2
2316,4
2317,4
2318,6
2319,4
2320,2
2321,4
2322,5
2323,6
2324,6
2325,4
2326,4
2327,4
2328,6
2329,4
2330,4
2331,4
2332,4
2333,6
2334,4
2335,4
2336,4
2337,4
2338,4
2339,4
2340,4
2341,4
2342,4
2343,4
2344,4
2345,4
2346,4
2347,4
2348,4
2349,4
2350,4
2351,4
2352,4
2353,4
2354,4
2355,4
2356,4
2357,4
2358,4
2359,4
2360,4
2361,4
2362,4
2363,4
2364,4
2365,4
2366,4
2367,6
2368,6
2369,2
2370,4
2371,4
2372,1
2373,4
2374,6
2375,6
2376,6
2377,6
2378,4
2379,4
2380,4
2381,4
2382,4
2383,4
2384,4
2385,4
2386,4
2387,4
2388,4
2389,4
2390,4
2391,4
2392,4
2393,6
2394,4
2395,4
2396,4
2397,4
2398,4
2399,4
2400,4
2401,4
2402,4
2403,3
2404,4
2405,4
2406,4
2407,4
2408,4
2409,4
2410,4
2411,4
2412,4
2413,4
2414,4
2415,4
2416,4
2417,4
2418,4
2419,4
2420,4
2421,4
2422,4
2423,4
2424,4
2425,4
2426,4
2427,6
2428,4
2429,4
2430,4
2431,4
2432,4
2433,4
2434,4
2435,4
2436,4
2437,4
2438,4
2439,4
2440,4
2441,4
2442,4
2443,4
2444,4
2445,4
2446,4
2447,4
2448,4
2449,4
2450,4
2451,4
2452,4
2453,4
2454,4
2455,4
2456,4
2457,4
2458,4
2459,4
2460,4
2461,4
2462,4
2463,4
2464,4
2465,4
2466,4
2467,4
2468,4
2469,4
2470,4
2471,4
2472,4
2473,6
2474,4
2475,4
2476,4
2477,4
2478,4
2479,4
2480,4
2481,4
2482,4
2483,4
2484,4
2485,4
2486,6
2487,4
2488,4
2489,4
2490,4
2491,4
2492,4
2493,4
2494,4
2495,4
2496,4
2497,4
2498,6
2499,4
2500,4
2501,4
2502,4
2503,6
2504,3
2505,4
2506,4
2507,4
2508,4
2509,4
2510,4
2511,4
2512,4
2513,4
2514,4
2515,4
2516,4
2517,4
2518,4
2519,4
2520,4
2521,4
2522,4
2523,4
2524,5
2525,4
2526,4
2527,4
2528,4
2529,4
2530,6
2531,4
2532,4
2533,4
2534,4
2535,4
2536,4
2537,4
2538,4
2539,4
2540,4
2541,4
2542,2
2543,4
2544,4
2545,4
2546,4
2547,4
2548,4
2549,4
2550,4
2551,4
2552,4
2553,4
2554,4
2555,5
2556,4
2557,4
2558,6
2559,4
2560,4
2561,4
2562,4
2563,4
2564,4
2565,4
2566,2
2567,4
2568,6
2569,4
2570,5
2571,4
2572,4
2573,4
2574,6
2575,4
2576,4
2577,4
2578,4
2579,4
2580,4
2581,4
2582,4
2583,4
2584,4
2585,4
2586,4
2587,4
2588,4
2589,4
2590,4
2591,4
2592,4
2593,4
2594,4
2595,4
2596,4
2597,4
2598,4
2599,4
2600,4
2601,4
2602,4
2603,4
2604,4
2605,4
2606,4
2607,4
2608,4
2609,6
2610,4
2611,4
2612,6
2613,4
2614,4
2615,4
2616,4
2617,4
2618,4
2619,4
2620,4
2621,2
2622,4
2623,4
2624,4
2625,4
2626,4
2627,4
2628,4
2629,4
2630,4
2631,4
2632,4
2633,4
2634,4
2635,4
2636,4
2637,4
2638,4
2639,4
2640,4
2641,4
2642,4
2643,4
2644,4
2645,4
2646,4
2647,4
2648,4
2649,4
2650,4
2651,5
2652,4
2653,4
2654,4
2655,4
2656,4
2657,4
2658,6
2659,4
2660,4
2661,4
2662,4
2663,4
2664,4
2665,4
2666,1
2667,4
2668,4
2669,4
2670,3
2671,4
2672,4
2673,4
2674,4
2675,4
2676,6
2677,4
2678,4
2679,4
2680,6
2681,4
2682,4
2683,4
2684,4
2685,2
2686,4
2687,4
2688,4
2689,4
2690,4
2691,4
2692,4
2693,4
2694,4
2695,4
2696,4
2697,4
2698,4
2699,4
2700,4
2701,4
2702,4
2703,4
2704,4
2705,4
2706,4
2707,4
2708,4
2709,4
2710,4
2711,6
2712,6
2713,4
2714,4
2715,2
2716,4
2717,4
2718,4
2719,4
2720,7
2721,4
2722,4
2723,4
2724,4
2725,4
2726,4
2727,4
2728,6
2729,4
2730,4
2731,4
2732,4
2733,4
2734,4
2735,4
2736,4
2737,4
2738,6
2739,4
2740,4
2741,4
2742,1
2743,4
2744,4
2745,4
2746,4
2747,4
2748,4
2749,4
2750,4
2751,4
2752,4
2753,4
2754,3
2755,4
2756,4
2757,4
2758,4
2759,4
2760,4
2761,4
2762,4
2763,4
2764,4
2765,4
2766,4
2767,4
2768,4
2769,4
2770,4
2771,6
2772,4
2773,4
2774,4
2775,4
2776,4
2777,4
2778,4
2779,4
2780,6
2781,4
2782,4
2783,4
2784,6
2785,4
2786,4
2787,2
2788,4
2789,4
2790,4
2791,4
2792,4
2793,6
2794,4
2795,4
2796,6
2797,4
2798,6
2799,4
2800,4
2801,4
2802,4
2803,4
2804,4
2805,4
2806,5
2807,4
2808,6
2809,5
2810,4
2811,6
2812,4
2813,4
2814,4
2815,4
2816,4
2817,4
2818,4
2819,4
2820,4
2821,4
2822,4
2823,4
2824,4
2825,4
2826,4
2827,4
2828,4
2829,4
2830,4
2831,4
2832,4
2833,4
2834,4
2835,4
2836,4
2837,4
2838,4
2839,4
2840,4
2841,4
2842,4
2843,4
2844,4
2845,6
2846,4
2847,4
2848,4
2849,4
2850,4
2851,4
2852,4
2853,4
2854,4
2855,3
2856,4
2857,4
2858,4
2859,4
2860,4
2861,4
2862,4
2863,4
2864,4
2865,4
2866,4
2867,4
2868,4
2869,4
2870,4
2871,4
2872,4
2873,4
2874,4
2875,4
2876,4
2877,2
2878,4
2879,4
2880,4
2881,4
2882,4
2883,4
2884,4
2885,4
2886,4
2887,4
2888,6
2889,4
2890,4
2891,4
2892,4
2893,4
2894,6
2895,6
2896,6
2897,5
2898,4
2899,6
2900,2
2901,4
2902,6
2903,4
2904,4
2905,4
2906,5
2907,4
2908,6
2909,4
2910,4
2911,4
2912,4
2913,4
2914,4
2915,4
2916,6
2917,4
2918,4
2919,4
2920,4
2921,4
2922,4
2923,4
2924,4
2925,4
2926,4
2927,4
2928,4
2929,4
2930,4
2931,4
2932,4
2933,4
2934,3
2935,4
2936,4
2937,4
2938,4
2939,4
2940,4
2941,4
2942,4
2943,6
2944,4
2945,4
2946,6
2947,4
2948,4
2949,4
2950,4
2951,4
2952,4
2953,4
2954,4
2955,4
2956,6
2957,4
2958,6
2959,3
2960,4
2961,4
2962,4
2963,5
2964,4
2965,4
2966,4
2967,5
2968,4
2969,4
2970,4
2971,6
2972,4
2973,4
2974,4
2975,4
2976,4
2977,4
2978,4
2979,4
2980,4
2981,4
2982,4
2983,4
2984,6
2985,4
2986,4
2987,4
2988,4
2989,4
2990,4
2991,4
2992,4
2993,4
2994,4
2995,4
2996,6
2997,4
2998,4
2999,4
3000,4
3001,4
3002,4
3003,4
3004,4
3005,4
3006,4
3007,6
3008,4
3009,4
3010,6
3011,4
3012,4
3013,4
3014,4
3015,4
3016,4
3017,6
3018,4
3019,4
3020,4
3021,6
3022,4
3023,4
3024,4
3025,4
3026,4
3027,4
3028,4
3029,6
3030,4
3031,4
3032,4
3033,4
3034,4
3035,4
3036,4
3037,4
3038,4
3039,4
3040,4
3041,6
3042,4
3043,4
3044,4
3045,4
3046,4
3047,4
3048,6
3049,4
3050,4
3051,4
3052,4
3053,4
3054,4
3055,4
3056,4
3057,6
3058,6
3059,4
3060,4
3061,4
3062,4
3063,4
3064,4
3065,2
3066,4
3067,6
3068,4
3069,4
3070,4
3071,4
3072,4
3073,4
3074,4
3075,1
3076,7
3077,1
3078,1
3079,1
3080,3
3081,1
3082,1
3083,1
3084,2
3085,1
3086,1
3087,1
3088,1
3089,1
3090,1
3091,1
3092,1
3093,1
3094,1
3095,1
3096,1
3097,7
3098,1
3099,1
3100,1
3101,1
3102,1
3103,1
3104,1
3105,7
3106,1
3107,1
3108,1
3109,7
3110,1
3111,1
3112,1
3113,3
3114,1
3115,1
3116,1
3117,1
3118,1
3119,1
3120,3
3121,1
3122,1
3123,1
3124,1
3125,1
3126,1
3127,1
3128,1
3129,1
3130,1
3131,1
3132,1
3133,1
3134,1
3135,1
3136,1
3137,1
3138,1
3139,1
3140,1
3141,1
3142,1
3143,1
3144,1
3145,4
3146,1
3147,1
3148,1
3149,3
3150,1
3151,1
3152,1
3153,4
3154,1
3155,1
3156,3
3157,1
3158,1
3159,1
3160,1
3161,1
3162,1
3163,1
3164,1
3165,1
3166,1
3167,1
3168,3
3169,1
3170,1
3171,1
3172,1
3173,1
3174,1
3175,1
3176,1
3177,1
3178,2
3179,1
3180,1
3181,1
3182,1
3183,6
3184,6
3185,1
3186,6
3187,1
3188,3
3189,1
3190,6
3191,1
3192,1
3193,6
3194,1
3195,1
3196,1
3197,1
3198,6
3199,1
3200,1
3201,1
3202,1
3203,1
3204,1
3205,1
3206,3
3207,1
3208,3
3209,3
3210,1
3211,1
3212,1
3213,1
3214,1
3215,3
3216,1
3217,1
3218,1
3219,4
3220,1
3221,1
3222,1
3223,1
3224,1
3225,1
3226,1
3227,1
3228,1
3229,1
3230,1
3231,1
3232,1
3233,1
3234,1
3235,1
3236,1
3237,1
3238,1
3239,1
3240,1
3241,1
3242,1
3243,1
3244,1
3245,1
3246,3
3247,2
3248,1
3249,1
3250,1
3251,1
3252,4
3253,1
3254,1
3255,1
3256,1
3257,1
3258,1
3259,1
3260,1
3261,1
3262,7
3263,2
3264,1
3265,1
3266,1
3267,1
3268,1
3269,1
3270,1
3271,1
3272,1
3273,1
3274,1
3275,1
3276,1
3277,1
3278,6
3279,1
3280,1
3281,6
3282,1
3283,1
3284,6
3285,1
3286,1
3287,1
3288,6
3289,1
3290,2
3291,1
3292,1
3293,1
3294,1
3295,1
3296,1
3297,2
3298,1
3299,3
3300,1
3301,1
3302,1
3303,1
3304,1
3305,7
3306,6
3307,1
3308,1
3309,1
3310,1
3311,1
3312,1
3313,1
3314,3
3315,1
3316,1
3317,1
3318,1
3319,1
3320,1
3321,1
3322,3
3323,2
3324,1
3325,1
3326,1
3327,1
3328,1
3329,1
3330,1
3331,1
3332,1
3333,1
3334,1
3335,1
3336,1
3337,1
3338,3
3339,1
3340,5
3341,1
3342,1
3343,1
3344,1
3345,1
3346,1
3347,1
3348,1
3349,1
3350,3
3351,1
3352,1
3353,1
3354,1
3355,1
3356,1
3357,1
3358,1
3359,1
3360,1
3361,1
3362,1
3363,1
3364,1
3365,1
3366,1
3367,1
3368,1
3369,1
3370,1
3371,4
3372,1
3373,1
3374,1
3375,1
3376,1
3377,1
3378,1
3379,1
3380,1
3381,1
3382,1
3383,1
3384,1
3385,2
3386,1
3387,1
3388,1
3389,1
3390,1
3391,1
3392,7
3393,1
3394,1
3395,1
3396,1
3397,1
3398,1
3399,1
3400,1
3401,7
3402,1
3403,1
3404,1
3405,1
3406,1
3407,1
3408,1
3409,6
3410,1
3411,1
3412,1
3413,1
3414,1
3415,3
3416,1
3417,1
3418,1
3419,1
3420,1
3421,1
3422,1
3423,1
3424,1
3425,1
3426,1
3427,1
3428,6
3429,1
3430,1
3431,6
3432,1
3433,1
3434,1
3435,1
3436,1
3437,1
3438,1
3439,1
3440,1
3441,1
3442,6
3443,7
3444,1
3445,1
3446,1
3447,1
3448,1
3449,1
3450,3
3451,1
3452,7
3453,7
3454,1
3455,1
3456,1
3457,1
3458,1
3459,1
3460,1
3461,1
3462,1
3463,1
3464,1
3465,1
3466,1
3467,1
3468,1
3469,1
3470,1
3471,1
3472,1
3473,1
3474,1
3475,1
3476,5
3477,1
3478,1
3479,1
3480,1
3481,7
3482,1
3483,2
3484,1
3485,6
3486,1
3487,1
3488,1
3489,1
3490,1
3491,1
3492,1
3493,6
3494,1
3495,1
3496,1
3497,3
3498,1
3499,1
3500,1
3501,1
3502,1
3503,1
3504,2
3505,1
3506,3
3507,1
3508,1
3509,1
3510,1
3511,1
3512,1
3513,1
3514,1
3515,1
3516,7
3517,1
3518,1
3519,1
3520,1
3521,1
3522,1
3523,1
3524,1
3525,7
3526,1
3527,3
3528,1
3529,1
3530,1
3531,1
3532,1
3533,1
3534,1
3535,2
3536,1
3537,1
3538,1
3539,1
3540,1
3541,1
3542,1
3543,1
3544,1
3545,1
3546,1
3547,6
3548,7
3549,1
3550,1
3551,1
3552,1
3553,1
3554,1
3555,1
3556,1
3557,1
3558,1
3559,1
3560,1
3561,1
3562,1
3563,1
3564,1
3565,1
3566,1
3567,1
3568,7
3569,6
3570,1
3571,1
3572,1
3573,1
3574,1
3575,1
3576,1
3577,1
3578,1
3579,1
3580,1
3581,1
3582,1
3583,1
3584,1
3585,1
3586,1
3587,1
3588,1
3589,1
3590,1
3591,1
3592,1
3593,1
3594,1
3595,1
3596,1
3597,1
3598,1
3599,2
3600,1
3601,1
3602,1
3603,1
3604,1
3605,1
3606,1
3607,1
3608,1
3609,1
3610,1
3611,1
3612,1
3613,1
3614,1
3615,2
3616,1
3617,4
3618,1
3619,1
3620,1
3621,1
3622,1
3623,1
3624,1
3625,1
3626,1
3627,1
3628,1
3629,1
3630,1
3631,1
3632,7
3633,1
3634,1
3635,1
3636,1
3637,1
3638,1
3639,1
3640,1
3641,1
3642,1
3643,1
3644,1
3645,1
3646,1
3647,1
3648,1
3649,1
3650,1
3651,1
3652,1
3653,1
3654,1
3655,1
3656,1
3657,1
3658,1
3659,1
3660,1
3661,1
3662,1
3663,1
3664,1
3665,1
3666,1
3667,1
3668,1
3669,1
3670,1
3671,2
3672,1
3673,3
3674,1
3675,1
3676,2
3677,1
3678,1
3679,1
3680,1
3681,1
3682,1
3683,1
3684,1
3685,1
3686,1
3687,1
3688,3
3689,1
3690,1
3691,1
3692,6
3693,1
3694,1
3695,1
3696,1
3697,1
3698,1
3699,1
3700,1
3701,1
3702,2
3703,1
3704,2
3705,1
3706,1
3707,1
3708,1
3709,1
3710,1
3711,1
3712,1
3713,1
3714,6
3715,2
3716,1
3717,1
3718,1
3719,1
3720,1
3721,1
3722,3
3723,1
3724,1
3725,1
3726,1
3727,1
3728,1
3729,1
3730,1
3731,1
3732,1
3733,1
3734,1
3735,2
3736,1
3737,1
3738,3
3739,1
3740,1
3741,3
3742,1
3743,1
3744,1
3745,1
3746,1
3747,1
3748,1
3749,1
3750,2
3751,6
3752,1
3753,1
3754,1
3755,1
3756,1
3757,1
3758,1
3759,1
3760,1
3761,1
3762,1
3763,1
3764,1
3765,1
3766,4
3767,1
3768,1
3769,1
3770,1
3771,6
3772,1
3773,1
3774,6
3775,1
3776,1
3777,1
3778,1
3779,1
3780,1
3781,1
3782,1
3783,1
3784,1
3785,1
3786,6
3787,1
3788,1
3789,1
3790,1
3791,1
3792,1
3793,1
3794,1
3795,1
3796,1
3797,1
3798,7
3799,1
3800,6
3801,1
3802,1
3803,1
3804,1
3805,1
3806,1
3807,1
3808,1
3809,1
3810,1
3811,1
3812,1
3813,1
3814,1
3815,1
3816,6
3817,1
3818,4
3819,1
3820,1
3821,1
3822,1
3823,1
3824,1
3825,1
3826,1
3827,1
3828,1
3829,6
3830,4
3831,1
3832,1
3833,1
3834,1
3835,1
3836,1
3837,1
3838,1
3839,1
3840,1
3841,1
3842,1
3843,1
3844,1
3845,1
3846,1
3847,1
3848,1
3849,1
3850,1
3851,1
3852,1
3853,1
3854,1
3855,1
3856,1
3857,1
3858,1
3859,3
3860,1
3861,1
3862,6
3863,1
3864,1
3865,1
3866,1
3867,1
3868,1
3869,6
3870,1
3871,1
3872,1
3873,1
3874,1
3875,1
3876,1
3877,1
3878,4
3879,1
3880,1
3881,6
3882,1
3883,1
3884,1
3885,1
3886,1
3887,2
3888,1
3889,1
